"x";"y"
"1";7.4308326;52.323004
"2";7.4307163;52.3256929
"3";6.9833622;51.5437972
"4";6.9880846;51.5608144
"5";7.059235;51.5641267
"6";7.0636225;51.5612807
"7";6.6130639;51.8180288
"8";6.6365888;51.8372218
"9";6.6156966;51.8315249
"10";6.6154536;51.8258443
"11";6.6257261;51.8315356
"12";6.6280964;51.8327119
"13";6.695067;51.8336353
"14";6.659214;51.838276
"15";6.6204661;51.8352599
"16";6.6318521;51.8379006
"17";6.6122148;51.8150444
"18";7.1661282;52.2465776
"19";7.7164652;52.2667515
"20";7.7176771;52.2715618
"21";7.434597;51.6406289
"22";7.4369569;51.6003466
"23";7.6094497;51.9407689
"24";7.6143247;51.9467345
"25";7.6198236;51.9549764
"26";7.6297837;51.9544586
"27";7.6312807;51.9562433
"28";7.6313947;51.9539683
"29";7.6328255;51.9557183
"30";7.6342483;51.9567925
"31";7.6347107;51.9582772
"32";7.629911;51.9563825
"33";7.602931;51.9568103
"34";7.6175928;51.9619003
"35";7.6170574;51.9663889
"36";7.580739;51.9880446
"37";7.6266431;52.1057044
"38";7.6319265;52.093563
"39";7.7196908;52.3684417
"40";7.4185897;51.6234262
"41";7.3926521;51.6050851
"42";7.3938833;51.6116333
"43";7.3928845;51.6198893
"44";7.4005684;51.6222336
"45";7.4081272;51.6230865
"46";7.7475622;52.2847969
"47";7.7249017;52.2891755
"48";7.7189665;52.2768243
"49";6.9905314;51.5203514
"50";8.1445888;51.821036
"51";6.9757565;51.5232017
"52";6.9524999;51.521105
"53";6.9476373;51.5210575
"54";6.930422;51.5225516
"55";6.9300695;51.5234974
"56";6.9231027;51.5368501
"57";6.9003859;51.531355
"58";6.8985876;51.5329915
"59";6.892903;51.5295405
"60";6.9125488;51.516483
"61";6.9148336;51.5153398
"62";6.9191415;51.5134324
"63";6.9350137;51.5089447
"64";6.9351013;51.5054699
"65";6.9355464;51.5037739
"66";7.3105791;51.5824538
"67";7.263021;51.6018215
"68";7.3036972;51.5889055
"69";7.3044075;51.5834389
"70";7.3051428;51.5733956
"71";7.3141439;51.5582443
"72";7.309984;51.5840848
"73";7.3095253;51.5889123
"74";7.3222132;51.5865186
"75";7.2021518;51.5683893
"76";7.2118792;51.5695313
"77";7.0398318;52.1797278
"78";7.0329697;52.2155019
"79";7.0432793;52.179028
"80";7.0592686;51.5640316
"81";7.035088;52.1744678
"82";7.0277545;52.2051706
"83";7.0279736;52.2101411
"84";6.60854;51.8399625
"85";6.6090822;51.8391192
"86";6.6091023;51.8369282
"87";6.6116027;51.835044
"88";6.61572;51.8349588
"89";6.9147848;51.9900738
"90";6.9147716;51.9939415
"91";6.9843911;52.0690881
"92";6.9973462;52.0737662
"93";6.8576877;51.8966664
"94";6.8351792;51.8425713
"95";6.621343;51.8385737
"96";6.6208482;51.8406506
"97";7.0400883;52.1841219
"98";7.0708407;52.2034115
"99";7.0279484;52.2079045
"100";7.0607565;52.2029308
"101";7.0178702;52.2099702
"102";7.0237599;52.215407
"103";7.0149576;52.0825614
"104";6.9975702;52.07861
"105";6.7769819;51.9030108
"106";6.6794497;51.8371302
"107";7.0496534;52.20533
"108";7.0279908;52.2086924
"109";7.1862184;52.2108751
"110";7.1495633;51.5491065
"111";7.1498923;51.5541676
"112";7.1761474;51.5566575
"113";7.1760675;51.5697719
"114";7.2743614;52.1801334
"115";7.2608124;52.1698591
"116";7.0086912;52.0772195
"117";7.1860123;51.5703048
"118";7.1948398;51.5708374
"119";7.1948397;51.5705763
"120";7.1915688;51.5705622
"121";6.9754587;52.0925772
"122";7.0039494;52.0788203
"123";7.0073236;52.0725612
"124";7.0017877;52.0701523
"125";7.0271276;52.073962
"126";7.4305935;52.3216619
"127";7.0637854;52.0504833
"128";7.1634523;51.9548342
"129";7.1506519;51.9424954
"130";7.1547361;51.9367658
"131";7.155956;51.9300243
"132";7.1834171;51.9097794
"133";7.2557316;51.8451815
"134";7.6065329;51.9735075
"135";7.6414638;51.9480341
"136";7.6399878;51.9487187
"137";7.6379931;51.9498967
"138";7.2447041;52.0884708
"139";7.2362238;52.092974
"140";7.6163749;51.7949574
"141";7.4374806;51.7681743
"142";7.5416273;51.7867461
"143";6.8889119;51.5401046
"144";6.9158727;51.6032899
"145";6.967407;51.6693546
"146";7.0816567;51.546646
"147";7.09337;51.5580753
"148";7.121151;51.5931572
"149";7.1670684;51.6045726
"150";7.1706118;51.6064157
"151";7.1979746;51.6090879
"152";7.1972704;51.6118111
"153";7.2452249;51.6281362
"154";7.2620435;51.6310613
"155";7.2676053;51.6322154
"156";7.0948413;51.5570628
"157";7.0248963;51.5806218
"158";7.0088051;51.578871
"159";6.994073;51.570447
"160";6.9938153;51.5705106
"161";6.9899564;51.5716268
"162";7.3701679;52.2374897
"163";7.343676;52.1637168
"164";7.3757601;52.2389686
"165";7.3796896;52.2442326
"166";7.6470036;51.9637069
"167";7.656375;51.9670069
"168";7.6556713;51.9679287
"169";7.6660259;51.9931148
"170";7.6703946;51.9997834
"171";7.6874767;51.9930573
"172";7.3735159;52.2453706
"173";7.1288988;51.5316612
"174";7.7051595;51.9765439
"175";7.6765069;51.9708688
"176";7.4165826;52.2766618
"177";7.4287205;52.2788883
"178";7.4375896;52.0724045
"179";7.3954294;52.1183797
"180";7.6290519;51.9738726
"181";7.5979177;51.978609
"182";7.6012186;51.9765064
"183";7.6124275;51.9742547
"184";7.6126147;51.9712685
"185";7.6228165;51.9722731
"186";7.5171433;52.1725549
"187";7.5357775;52.1806548
"188";7.5413311;52.167832
"189";7.4344725;52.2798595
"190";7.4326736;52.2846175
"191";6.9908611;51.8944905
"192";7.4372779;52.2862494
"193";7.4408762;52.2870561
"194";7.4325956;52.2845818
"195";7.4343322;52.2798415
"196";7.4327845;52.2845293
"197";7.4326986;52.284503
"198";7.4373168;52.2861473
"199";7.4409485;52.2869231
"200";7.4407121;52.2870305
"201";7.4407656;52.286901
"202";7.4353147;52.2771286
"203";7.4345286;52.2797336
"204";7.4344003;52.2797227
"205";6.9265415;51.8200944
"206";6.9808231;51.8941053
"207";7.6235654;51.9746825
"208";7.4513191;52.2367521
"209";7.6312495;51.9700973
"210";7.6237368;51.9659441
"211";7.6328222;51.9730511
"212";7.6285275;51.9647097
"213";7.4402746;52.2682688
"214";7.4356331;52.2644371
"215";7.4435009;52.2709825
"216";7.4470316;52.2666821
"217";7.0413355;51.9380154
"218";7.4413465;52.2767679
"219";7.4452533;52.2795057
"220";7.4457737;52.2808214
"221";7.4447707;52.2819726
"222";7.4446245;52.281916
"223";7.4456505;52.2807539
"224";7.4450954;52.2795726
"225";7.4412734;52.2768465
"226";7.3795761;52.2404421
"227";7.3726615;52.2383553
"228";7.3769295;52.2370959
"229";7.3909515;52.2197305
"230";6.9188834;51.8852462
"231";6.8491212;51.8481582
"232";7.3408404;52.1525931
"233";7.3406381;52.1494381
"234";7.6134274;51.974292
"235";7.6300236;51.9641443
"236";7.1690972;52.2071219
"237";7.2288016;52.1463567
"238";7.4323535;52.2759604
"239";7.6026302;51.9595869
"240";7.606356;51.9495086
"241";7.3446509;52.1465439
"242";7.3903264;52.1275704
"243";6.9309908;51.9917691
"244";6.9487831;51.9834698
"245";6.8644746;51.859755
"246";6.8629009;51.8494793
"247";6.8637773;51.8442642
"248";6.8601084;51.8429122
"249";7.0398644;51.7925457
"250";7.3522864;51.6557634
"251";7.348115;51.6522646
"252";7.3371679;51.6571314
"253";7.345435;51.6576704
"254";7.2448578;51.6490231
"255";7.1600451;51.7789984
"256";7.2433891;51.7494754
"257";7.242453;51.7410984
"258";7.6111406;51.989199
"259";7.6217258;51.9935813
"260";7.6362133;51.9724869
"261";7.6363398;51.9724629
"262";7.6365353;51.9735305
"263";7.6427122;51.9775907
"264";7.149386;51.9314157
"265";7.4427046;51.7650699
"266";7.4439589;51.7678378
"267";7.3355502;52.149165
"268";7.3358827;52.14689
"269";7.4408707;52.2730399
"270";7.4388673;52.2759476
"271";7.4388278;52.2760854
"272";7.0444379;51.93737
"273";7.5836537;51.9267346
"274";7.5788513;51.9343589
"275";7.6454196;51.9676572
"276";7.6764707;51.9706778
"277";7.6835122;51.9721648
"278";7.5967406;51.9699618
"279";6.833646;51.7705233
"280";7.2350149;51.8646017
"281";7.3529657;51.9278668
"282";7.3986263;51.9101011
"283";7.5324423;51.9542208
"284";7.5322748;51.9556022
"285";7.6044018;52.0941457
"286";7.6154786;52.0852249
"287";7.8485664;52.1909041
"288";8.0332908;51.9808354
"289";7.288234;51.8240264
"290";7.2851368;51.8200806
"291";7.447609;51.7752039
"292";7.8273554;51.8444844
"293";7.8039671;51.9279304
"294";7.6408591;51.9711054
"295";7.6353699;51.9620349
"296";7.1973161;51.930817
"297";7.6770194;51.9731169
"298";7.618683;51.9745593
"299";7.610015;51.9741905
"300";6.6497202;51.8378446
"301";7.615112;51.9673142
"302";7.6122818;51.9672937
"303";7.6221909;51.9701648
"304";7.6096009;51.9614727
"305";7.5965348;51.9698422
"306";7.596571;51.9699794
"307";7.5989014;51.9647922
"308";7.6118226;51.9837249
"309";7.5988741;51.9649295
"310";7.5758576;51.9723916
"311";6.8438183;51.7854207
"312";7.5967099;51.9698279
"313";7.6197766;51.957631
"314";7.6095352;51.9714536
"315";7.6113883;51.9891886
"316";7.6349927;51.9597479
"317";7.6314991;51.9574118
"318";7.6326703;51.9585316
"319";6.8508156;51.9050935
"320";7.6326216;51.9537107
"321";7.6457544;51.9554989
"322";7.6365628;51.9528909
"323";7.894537;51.7664715
"324";7.617606;51.9652397
"325";7.8903566;51.7612793
"326";6.8676506;51.7482137
"327";6.8411473;51.7690816
"328";7.4929014;51.8569979
"329";7.4909376;51.8514222
"330";7.1778047;51.5698338
"331";7.2013805;51.5713174
"332";7.1961195;51.5707064
"333";7.201345;51.5714327
"334";7.1816831;51.5873342
"335";7.1838164;51.6000081
"336";7.1800675;51.6095145
"337";7.1838196;51.6096493
"338";7.1847324;51.6097443
"339";7.1734127;51.6086857
"340";7.6192808;51.9616663
"341";7.6178769;51.9634681
"342";7.2794394;51.8303515
"343";7.6191752;51.9562864
"344";7.6383355;51.9584649
"345";7.6342392;51.9656276
"346";6.932491;51.9834762
"347";6.8715062;51.9497164
"348";7.186908;52.2028235
"349";7.2076153;52.2068714
"350";7.217016;52.2038068
"351";7.6099678;51.9742736
"352";7.6064481;51.9735564
"353";7.1667906;51.9499269
"354";7.1635696;51.943023
"355";7.6122941;51.9742525
"356";7.6235774;51.9747607
"357";7.6186804;51.9746219
"358";7.6134609;51.974392
"359";7.6124312;51.9743512
"360";7.6122837;51.9743463
"361";7.6125227;51.9712656
"362";7.6124578;51.9694776
"363";7.6328512;51.97312
"364";7.6290191;51.9739727
"365";7.6363548;51.9725361
"366";7.6362294;51.9725605
"367";7.6408434;51.9712392
"368";7.6456463;51.9676934
"369";7.6220317;51.9478234
"370";7.6449699;51.9545473
"371";7.6378586;51.9574171
"372";7.0146375;51.9497693
"373";7.6753679;51.9494331
"374";7.670093;51.9512582
"375";7.6617709;51.953402
"376";7.6233691;51.9453677
"377";7.6335098;51.9562059
"378";7.208592;51.7798989
"379";7.651794;51.9548657
"380";7.5530348;51.9526095
"381";7.5874285;51.9625265
"382";7.6216615;51.9496554
"383";7.5924016;51.9303147
"384";6.9379516;52.1453569
"385";7.8335085;52.0301859
"386";7.2955356;51.9778836
"387";7.5956154;52.0927102
"388";7.2952014;51.9791146
"389";7.1740092;51.9476406
"390";7.1734859;51.9404704
"391";7.1679131;51.9402251
"392";7.1641191;51.9415068
"393";7.1414471;51.5913081
"394";7.5920871;51.9396086
"395";8.1263467;51.9281176
"396";8.113979;51.9304843
"397";7.3933616;51.6184453
"398";7.4877627;51.9123058
"399";7.7127079;51.9380768
"400";7.7540273;51.9295861
"401";7.6498784;51.9411595
"402";7.6531868;51.9387214
"403";7.6566302;51.9364362
"404";7.6567606;51.9365091
"405";7.6532897;51.9387833
"406";7.6500241;51.941235
"407";7.6475881;51.9432843
"408";7.6352967;51.9390833
"409";7.638135;51.9499698
"410";7.6401174;51.94882
"411";7.6415536;51.9481246
"412";7.6457436;51.9451913
"413";8.0274664;51.8331835
"414";7.9910959;52.3067511
"415";7.2886563;51.840969
"416";7.9852903;52.2962858
"417";7.9417131;52.3033475
"418";7.9470341;52.3035117
"419";7.1751766;51.9164786
"420";7.5820419;51.960568
"421";7.0474258;51.8318408
"422";7.6085343;52.1128255
"423";7.6238313;51.9418885
"424";7.6169727;51.9498299
"425";7.746386;51.9818475
"426";7.6665559;51.9518529
"427";7.5396869;51.9883815
"428";7.4123653;51.9787846
"429";7.315174;51.612261
"430";7.2008878;51.615864
"431";7.1991958;51.6069599
"432";7.2017148;51.6030638
"433";7.2123749;51.5724756
"434";7.2133676;51.5779968
"435";7.1786656;51.6114123
"436";7.1817934;51.7438248
"437";7.1864161;51.7275223
"438";7.0008351;51.6329851
"439";7.0594011;51.6526097
"440";7.3182577;51.8365014
"441";7.2984766;51.8457254
"442";7.14948;51.9467226
"443";6.6985673;51.8500897
"444";7.1261248;51.4880749
"445";7.0835318;51.5288055
"446";6.6116583;51.8351697
"447";6.6157353;51.8348317
"448";6.6092837;51.8369404
"449";6.6092274;51.8391185
"450";7.6230197;51.944925
"451";7.6121071;51.9439412
"452";7.6098603;51.9406272
"453";7.6241122;51.940879
"454";7.602813;51.9552911
"455";7.5172412;52.1721951
"456";7.5289636;52.1775843
"457";7.0157986;52.0748775
"458";6.8918748;51.613318
"459";7.4193551;51.9744118
"460";7.3319791;51.649832
"461";7.3906909;52.1216715
"462";7.4845543;52.0838979
"463";7.6319865;51.9628584
"464";7.1906566;51.7428909
"465";7.4601445;52.2932629
"466";7.4805889;52.2978319
"467";7.5635548;52.1444604
"468";6.9478359;51.5581648
"469";6.9842662;51.572215
"470";6.977009;51.5730879
"471";6.8111143;52.0259953
"472";6.9801739;51.4999703
"473";7.5978521;51.9785688
"474";7.6064694;51.9734689
"475";7.6063854;51.9735185
"476";7.5804106;51.9879754
"477";7.6025803;51.9689059
"478";7.5662021;51.9728877
"479";7.5882296;51.9841904
"480";7.6009896;51.9767335
"481";7.6026397;51.9690257
"482";7.6264232;51.9653038
"483";7.6643292;51.9903144
"484";7.6362855;51.96189
"485";7.3386773;51.6543018
"486";7.3186642;51.5476615
"487";7.315978;51.544926
"488";7.639806;51.9753321
"489";7.6474487;51.9626197
"490";7.6015386;51.9764862
"491";7.162731;51.9445306
"492";7.3254044;51.6504453
"493";6.8180737;52.0330407
"494";7.1678023;51.9408973
"495";6.9356057;51.5036883
"496";7.6372917;51.9556364
"497";7.1695487;51.9485972
"498";7.2768878;51.6395336
"499";7.0090443;52.0678661
"500";7.6540334;51.9624924
"501";6.9577977;51.5825309
"502";7.6579576;51.9672738
"503";6.6152787;51.8282908
"504";6.9357894;51.5037533
"505";6.8651815;51.8555125
"506";6.8598665;51.848821
"507";6.9888533;52.0783816
"508";7.2929454;51.5577981
"509";6.8951441;51.8477583
"510";6.8696788;51.840435
"511";8.1728884;51.7335641
"512";6.961898;51.6754865
"513";6.9633251;51.6706601
"514";6.9672374;51.6693604
"515";7.6184961;51.9596266
"516";7.6032802;51.9529744
"517";7.0761168;51.6735054
"518";7.0580841;51.5638931
"519";6.8501101;51.8389702
"520";6.8548708;51.8491528
"521";7.4357724;51.7629281
"522";7.3942878;51.7628279
"523";7.647379;51.959002
"524";7.6526051;51.9548306
"525";7.0286792;52.2113899
"526";7.1703404;51.6064865
"527";7.1670038;51.6046894
"528";7.1367113;51.5952158
"529";7.1272161;51.5942403
"530";7.647455;51.9599139
"531";7.3063101;51.5502007
"532";8.1181845;51.9299821
"533";8.0518224;51.981643
"534";8.0593239;51.9432436
"535";7.7185113;52.3605023
"536";7.3203449;51.5930575
"537";8.1216996;51.9294927
"538";8.1024295;51.9340226
"539";7.4972334;52.2282575
"540";7.2230429;51.6192508
"541";7.9869252;51.9599706
"542";7.9802504;51.9533727
"543";7.9808518;51.9540679
"544";7.9818814;51.9554256
"545";7.7986342;51.9895116
"546";7.9711234;51.954768
"547";7.9879221;51.9497628
"548";7.9692946;51.922214
"549";7.9678959;51.922306
"550";7.9660977;51.9200465
"551";7.9804834;51.9427628
"552";7.9838698;51.9427538
"553";8.0826987;51.9383589
"554";8.0345155;51.9466546
"555";7.9949187;51.9493414
"556";8.0060223;51.9495389
"557";6.9842001;51.8940854
"558";6.9203533;51.5210518
"559";8.0257478;51.8064814
"560";8.0161058;51.8393646
"561";6.6839805;51.8366405
"562";7.4513789;51.7714293
"563";7.2661077;51.8394165
"564";7.3280234;51.8273638
"565";6.919178;51.522245
"566";6.9103603;51.5176533
"567";6.9119913;51.5188929
"568";7.6123237;51.9766178
"569";7.6121023;51.9766138
"570";6.9252752;51.5190726
"571";6.9270194;51.5189271
"572";7.9412425;52.3138144
"573";7.7097037;52.2734106
"574";6.9176133;51.5236188
"575";7.4840524;51.9117491
"576";6.9343676;51.5128115
"577";6.9315324;51.5114167
"578";6.9191827;51.542444
"579";6.9358325;51.525864
"580";6.9415404;51.5320152
"581";6.9432198;51.5339619
"582";6.9332819;51.5400011
"583";6.961915;51.546279
"584";6.9371403;51.5472437
"585";7.1681795;51.7375783
"586";7.1698294;51.7380412
"587";7.1823615;51.745009
"588";6.9167009;51.5446843
"589";6.9226679;51.6005778
"590";6.9843854;51.5565358
"591";6.9849616;51.5361122
"592";7.5976528;51.9786858
"593";7.6369207;51.9509388
"594";7.9840383;51.9513852
"595";7.4445388;52.2785745
"596";7.4470116;52.2953972
"597";7.4421161;52.2870242
"598";7.4444073;52.2786402
"599";7.6245352;51.9394511
"600";7.0943381;51.652871
"601";6.9365278;51.5028001
"602";7.1733918;51.9208293
"603";7.1715139;51.928142
"604";7.1711932;51.9300791
"605";7.1705472;51.9321984
"606";7.6416076;51.9532199
"607";7.6168799;51.9499918
"608";7.072365;51.5365733
"609";7.0814908;51.5466061
"610";7.1048586;51.5511875
"611";7.2433883;51.6054994
"612";7.6013189;51.9650341
"613";7.6013446;51.9651889
"614";7.2483212;51.5982243
"615";7.207588;51.5934282
"616";7.1938821;51.6131071
"617";7.2605109;51.6089881
"618";7.2040252;51.6094059
"619";7.20843;51.6106659
"620";7.2034394;51.6092596
"621";7.2821843;51.8274977
"622";7.0247893;51.5807577
"623";7.0129969;51.5798546
"624";7.0249814;51.5806445
"625";7.3124724;51.5989608
"626";7.3133029;51.6001152
"627";7.0993122;51.6785651
"628";7.0908682;51.6757844
"629";7.1021566;51.6723708
"630";7.1016689;51.6594133
"631";7.4894103;51.8577726
"632";7.1864147;51.7415913
"633";7.1004169;51.6765473
"634";7.0967472;51.5142964
"635";7.087511;51.511219
"636";7.087788;51.5111346
"637";7.0893349;51.5124078
"638";7.1015883;51.6740621
"639";7.0249366;51.5367024
"640";7.0628608;51.5242564
"641";7.0573867;51.5241365
"642";7.0520303;51.5235801
"643";7.0346641;51.5305034
"644";7.0870941;51.6499348
"645";7.1031639;51.6555042
"646";7.110488;51.6600531
"647";7.2399775;51.6451968
"648";7.0671127;51.5418418
"649";7.0715816;51.5421329
"650";7.0713279;51.5420196
"651";7.089524;51.6063015
"652";7.1018226;51.6452374
"653";7.4536952;52.2839922
"654";7.4499059;52.292607
"655";7.4510455;52.2895897
"656";7.3252584;51.5211612
"657";7.3153428;51.6107398
"658";7.0803904;51.6118658
"659";7.0920352;51.6006785
"660";7.1186081;51.6122188
"661";7.5695861;51.9713457
"662";7.0708356;51.5230169
"663";7.0963124;51.5357558
"664";7.5728949;51.9576835
"665";7.1818523;51.5873751
"666";7.1834261;51.9384326
"667";7.4927306;51.8675556
"668";7.21358;51.5929982
"669";7.1045197;51.5497952
"670";7.6017135;51.9653653
"671";7.1192336;51.9350696
"672";7.5985462;51.9650016
"673";7.6015455;51.9653295
"674";7.2071066;51.6256852
"675";7.0137841;51.6565754
"676";7.1999699;51.5791984
"677";7.2178932;51.5783648
"678";7.123944;51.6078011
"679";7.6365127;51.9736751
"680";7.0250342;51.5885976
"681";7.0256099;51.5884184
"682";7.4432181;52.2837293
"683";7.4433719;52.2837763
"684";7.7694251;51.9815869
"685";7.7739659;51.9818832
"686";7.0458639;51.5576475
"687";7.6358973;51.9769875
"688";7.6398263;51.9753531
"689";7.1175412;51.6130383
"690";7.1407218;51.5972639
"691";7.0116997;51.7135471
"692";7.0343516;51.530438
"693";7.328619;51.6419177
"694";7.0306712;51.533073
"695";7.1069694;51.5435329
"696";7.0709252;51.5361909
"697";7.0579709;51.5280954
"698";7.0630118;51.5240654
"699";7.3553145;51.5285123
"700";7.0713675;51.5230304
"701";7.2343813;51.5947417
"702";7.2107113;51.5878462
"703";7.1107986;51.5171416
"704";7.2325266;51.5730877
"705";7.0837104;51.5288879
"706";7.5162669;52.1970746
"707";7.1772807;51.6094335
"708";7.1105757;51.5135754
"709";7.0826237;51.483981
"710";7.0766138;51.5081074
"711";7.0764669;51.5080716
"712";7.0765858;51.5079419
"713";7.0852776;51.5092392
"714";7.0851698;51.50941
"715";7.0802061;51.5084664
"716";7.0802006;51.5085466
"717";7.1925162;51.6246286
"718";6.9890819;51.8945017
"719";6.6156634;51.8414125
"720";6.6008457;51.846752
"721";7.0985163;51.5128447
"722";7.0987477;51.5129185
"723";7.3228288;51.5275385
"724";7.0903906;51.5204143
"725";7.0906321;51.5204825
"726";7.17712;51.7415964
"727";7.6329326;51.9136159
"728";7.6356992;51.9054472
"729";7.9120598;51.7077433
"730";7.1755644;51.7408368
"731";7.9468221;51.8044934
"732";7.6267813;51.9319339
"733";7.9442787;51.8076561
"734";7.5949064;51.9316992
"735";7.6350733;51.9604165
"736";7.5729329;51.9249635
"737";7.5895974;51.9287697
"738";7.9866576;51.946584
"739";7.6420641;51.9038513
"740";7.6381475;51.9024817
"741";7.1972152;52.2038578
"742";7.1808599;51.6626868
"743";7.4317858;51.7673257
"744";7.0876357;51.6081194
"745";7.4127018;51.6630547
"746";7.1005717;51.6501829
"747";7.0983475;51.651001
"748";7.6854129;51.8055958
"749";7.6051262;51.9269707
"750";7.1312387;51.5709801
"751";7.1356245;51.5746035
"752";7.1108464;51.517075
"753";7.7274422;51.9158757
"754";7.7223862;51.9119107
"755";7.6328795;51.9089186
"756";7.0852714;51.6057869
"757";7.1853905;51.7420396
"758";7.2037563;51.6259924
"759";7.1881329;51.6450057
"760";7.0264148;51.5341486
"761";7.0263852;51.534316
"762";7.0263955;51.5344896
"763";6.9886666;51.5820803
"764";7.4123168;51.6626146
"765";7.6936423;51.9735207
"766";7.7858852;51.9808912
"767";7.6903564;51.9456627
"768";7.1839277;51.7429902
"769";7.623017;51.8979322
"770";7.6247637;51.9061887
"771";7.1907219;51.7464597
"772";7.6396041;51.9750827
"773";7.1647052;52.2519456
"774";6.9657706;51.6499325
"775";6.9592007;51.6511242
"776";6.608004;51.840861
"777";6.5973881;51.8369968
"778";6.5754214;51.8341891
"779";6.6157056;51.8424697
"780";6.5977669;51.8397292
"781";6.6034801;51.8446739
"782";7.3555406;52.2303747
"783";7.9106095;51.7645912
"784";6.9268115;51.5271352
"785";6.9403287;51.5511884
"786";7.4335827;52.2820772
"787";7.4323038;52.2795304
"788";7.2253477;51.7856859
"789";7.4884989;51.8470552
"790";7.2715973;52.02703
"791";7.4645489;52.2858992
"792";7.5872217;52.3002179
"793";7.7922413;51.9856291
"794";7.6546244;51.9316882
"795";7.65474;51.9316168
"796";7.6455597;51.9451273
"797";7.6471236;51.9438835
"798";7.6458698;51.945237
"799";6.8795339;51.4996031
"800";6.8933946;51.5442172
"801";6.8715187;51.5678939
"802";6.4221835;51.849231
"803";7.6627292;51.932366
"804";7.6628759;51.9324464
"805";7.5792345;51.9252823
"806";7.3799139;51.7089309
"807";6.9042197;51.6572314
"808";6.9427076;51.5532174
"809";7.5706947;51.9568832
"810";7.5705477;51.9568271
"811";7.6626433;51.9323206
"812";7.5273552;52.1759337
"813";6.9799737;51.6520831
"814";6.9752235;51.6570178
"815";6.9828573;51.5541907
"816";6.9827662;51.554327
"817";6.9827057;51.5542231
"818";7.929906;52.3066428
"819";6.9781718;51.5837099
"820";6.961987;51.6612105
"821";7.9134961;51.7588194
"822";7.0166027;51.6819239
"823";7.63897;51.9072014
"824";7.8581551;52.1709359
"825";7.918418;51.7640937
"826";7.2724117;51.6395815
"827";6.9352024;51.5090988
"828";6.9345592;51.5127586
"829";6.9306329;51.5226029
"830";6.9302886;51.5235369
"831";6.9231266;51.5327212
"832";7.9115941;51.7622568
"833";8.0238723;51.8019625
"834";7.4282729;52.2758253
"835";8.0283053;51.8379497
"836";7.6023794;51.9595014
"837";7.6023447;51.961182
"838";7.6025401;51.9611925
"839";7.4676354;52.0813173
"840";7.8871068;51.7480116
"841";6.9352847;51.5075189
"842";6.9350765;51.5075144
"843";6.6134334;51.8411544
"844";7.3646102;52.0568921
"845";7.6027358;51.9567943
"846";7.6026463;51.9553005
"847";7.6062089;51.9494468
"848";7.6565543;51.9363946
"849";7.2082715;51.5691857
"850";7.7622986;51.9812598
"851";7.2123639;51.5724062
"852";6.9264951;51.5229498
"853";6.9278591;51.5230525
"854";6.9348243;51.5052729
"855";6.617528;51.8416723
"856";7.3412369;51.6573947
"857";6.5693642;51.8118732
"858";7.8949066;51.7630408
"859";7.8972016;51.7629413
"860";7.9044804;51.7610585
"861";7.5601902;51.9989773
"862";6.9321866;51.5181556
"863";7.149734;51.5490553
"864";7.1500697;51.5541792
"865";7.2801688;51.5487321
"866";6.8887599;51.5400315
"867";6.9270229;51.5188418
"868";6.9298113;51.5189883
"869";7.412387;51.6232644
"870";7.2743642;51.8364474
"871";7.2742789;51.8367577
"872";6.629239;51.8380607
"873";7.255013;51.6407346
"874";7.5483789;51.9939127
"875";7.3173911;51.5413327
"876";7.3153408;51.5449757
"877";7.311492;51.5537646
"878";7.3127591;51.5518629
"879";7.2191315;51.5736967
"880";7.2281871;51.5724536
"881";6.923347;51.5197997
"882";6.9209432;51.5204415
"883";6.9297958;51.5190702
"884";8.0239734;51.8294646
"885";7.5264848;52.1685018
"886";7.527573;52.1723091
"887";7.1438364;51.609097
"888";7.4419357;51.7681171
"889";6.9669907;51.6623187
"890";6.9679135;51.6619188
"891";6.967813;51.6618453
"892";7.5549595;51.9974873
"893";7.3410248;51.6573401
"894";7.3054427;51.5727422
"895";7.3152602;51.5496402
"896";7.3891272;52.1188963
"897";6.5936317;51.8531483
"898";6.5948053;51.8428377
"899";6.6087479;51.8401606
"900";6.6091034;51.8397668
"901";6.6134584;51.8410968
"902";6.6156579;51.8413591
"903";6.6175331;51.8416096
"904";6.6087754;51.8403303
"905";7.3108481;51.5932641
"906";7.6474702;51.9600454
"907";7.3095072;51.5478006
"908";6.6215118;51.8385863
"909";6.6207581;51.8406029
"910";6.6216069;51.8387366
"911";7.2087356;51.5724855
"912";6.684144;51.8412889
"913";7.2267238;51.7785629
"914";7.4188982;52.2902373
"915";7.241471;51.5701654
"916";7.5380983;52.173137
"917";7.4836181;52.0869864
"918";7.3168838;51.5458257
"919";7.3061087;51.5711378
"920";7.2923469;51.8279272
"921";7.6393799;51.9029692
"922";7.7126711;52.2793587
"923";7.1260795;51.4879381
"924";7.7862523;51.9816017
"925";7.3501214;51.6608653
"926";7.2811031;51.8326958
"927";7.276676;51.8322012
"928";7.9067185;51.7706635
"929";7.3046778;51.5500971
"930";7.2840257;51.8265287
"931";7.2933451;51.8378332
"932";7.2872816;51.839714
"933";7.2952805;51.8355385
"934";7.3086302;51.5484041
"935";6.4423072;51.8181354
"936";6.4441806;51.8197206
"937";6.5017456;51.8113046
"938";7.7878055;51.982923
"939";7.9683806;51.9175613
"940";7.3183525;52.2076997
"941";7.3910256;51.622912
"942";7.790083;52.2602158
"943";7.1920361;51.5707287
"944";7.6018108;51.9349608
"945";7.601654;51.9352321
"946";7.8913835;51.760968
"947";7.6168258;51.9496568
"948";7.61421;51.9467637
"949";7.6119681;51.9439826
"950";7.6093076;51.9408165
"951";7.1161607;51.5479039
"952";7.1847468;51.5756584
"953";7.6243862;51.9394299
"954";7.6239971;51.9408586
"955";7.6236928;51.9418734
"956";7.6232437;51.9456326
"957";7.6231278;51.9452666
"958";8.2558108;51.7097946
"959";8.0265648;51.8404315
"960";7.6471919;51.9431436
"961";7.6478012;51.9432046
"962";7.6471226;51.9432538
"963";7.6469748;51.9436849
"964";7.6473026;51.9436914
"965";7.6266083;51.9319031
"966";6.6149769;51.8349791
"967";6.6370509;51.8372917
"968";7.4334821;52.2820773
"969";7.598423;52.0930483
"970";7.6206015;52.0319519
"971";7.3988032;52.1250376
"972";7.390158;52.1275376
"973";7.2087398;51.5725799
"974";7.3207164;51.5317417
"975";7.4420051;52.2852863
"976";7.4421726;52.2853125
"977";7.64027;51.9488939
"978";7.7905283;51.9904144
"979";7.4656685;52.2803499
"980";7.4643322;52.2772342
"981";7.7564623;52.1431276
"982";7.6114871;52.0960155
"983";7.6086544;52.0918228
"984";7.3244121;52.2135401
"985";7.2014917;51.5714611
"986";7.201518;51.5713366
"987";7.5318848;52.1677253
"988";7.9775772;51.9435667
"989";7.9819755;51.9524699
"990";7.2753789;51.548296
"991";7.4395043;52.2866843
"992";7.4394654;52.2867966
"993";6.9200269;51.8894647
"994";6.84721;51.8491032
"995";7.9732479;51.9547807
"996";6.982245;51.5496755
"997";6.9823913;51.5496548
"998";7.4915836;51.8604838
"999";6.9370288;51.8257442
"1000";6.9374855;51.8241326
"1001";7.7808799;51.9800475
"1002";8.1337641;51.8111471
"1003";6.8695956;51.9498048
"1004";7.2231171;51.7751456
"1005";7.6196788;51.9554639
"1006";7.6194024;51.9561939
"1007";7.3524582;51.655976
"1008";6.9827731;51.5771212
"1009";7.6997225;52.1770241
"1010";7.7006253;52.1772012
"1011";7.2741881;51.8298995
"1012";7.5065636;52.2145705
"1013";7.2231554;51.7403089
"1014";7.6651793;51.7380825
"1015";6.9103604;51.656852
"1016";7.6649554;51.7400683
"1017";7.8491567;51.9271211
"1018";7.195608;51.7580497
"1019";7.1710909;51.940647
"1020";6.8678258;51.8558019
"1021";6.9352173;51.508952
"1022";7.3480657;51.6651729
"1023";6.9671142;51.6623848
"1024";7.0922637;51.51358
"1025";7.0924074;51.5133564
"1026";7.1840116;51.6000439
"1027";6.9583029;51.6795508
"1028";6.9725765;51.6599838
"1029";6.9713695;51.6602425
"1030";6.9693829;51.6603452
"1031";6.9695674;51.6603553
"1032";7.1749864;51.927747
"1033";6.9525484;51.6751071
"1034";6.9714638;51.6697131
"1035";6.9714753;51.6698146
"1036";6.9672896;51.6694669
"1037";7.0927514;51.5371197
"1038";7.0951382;51.5332751
"1039";7.0930606;51.5371842
"1040";7.0458328;51.5574996
"1041";7.1043347;51.5513036
"1042";7.1932447;51.8962018
"1043";7.6778358;51.9190629
"1044";7.6727866;51.9238325
"1045";7.6706321;51.9257918
"1046";7.6704219;51.9257144
"1047";7.5573537;52.1205334
"1048";7.1323999;51.5948645
"1049";7.3031119;51.9302145
"1050";7.4920786;51.8545056
"1051";7.284509;51.831254
"1052";6.9597322;51.6781298
"1053";7.233285;52.0893407
"1054";7.7821603;51.9763009
"1055";7.3921691;51.6216074
"1056";7.0183682;51.5788639
"1057";7.0184714;51.5786584
"1058";7.0186647;51.5786601
"1059";7.0185584;51.5788653
"1060";7.094701;51.5141767
"1061";7.5227823;51.9248407
"1062";6.9055875;51.5199156
"1063";7.0671308;51.5419576
"1064";7.1229588;51.4935889
"1065";7.2911784;51.8204737
"1066";7.1894069;51.7413851
"1067";6.6141254;51.8215322
"1068";6.9869604;51.5793587
"1069";7.2325533;51.7191967
"1070";7.1912282;51.7280269
"1071";7.1425885;51.7223099
"1072";7.4702977;52.2940658
"1073";7.452503;52.2868193
"1074";6.6367497;51.8374838
"1075";6.6362963;51.837376
"1076";6.6365229;51.8375269
"1077";6.6366832;51.8371688
"1078";6.6371483;51.8372202
"1079";6.6360644;51.8373108
"1080";6.9800213;52.0730136
"1081";6.6139904;51.8215451
"1082";7.3077837;51.849523
"1083";7.0034025;51.7605207
"1084";6.9150092;51.5263894
"1085";7.0003035;51.7604955
"1086";7.6733273;51.9466801
"1087";6.8150432;52.0356668
"1088";7.0640367;52.0504084
"1089";7.155856;51.9300444
"1090";7.2558042;51.8451454
"1091";7.6031525;51.9529459
"1092";7.5256301;52.17979
"1093";7.5152591;52.1792449
"1094";8.0296289;51.8350966
"1095";8.0240487;51.8293545
"1096";7.1018191;51.6583621
"1097";7.1018899;51.6593171
"1098";7.1054172;51.6628514
"1099";7.1005731;51.6766118
"1100";7.0994675;51.6786073
"1101";7.1017558;51.6741168
"1102";7.1055198;51.6627301
"1103";6.9971358;51.5736482
"1104";7.2603136;51.6125155
"1105";7.2606318;51.6126604
"1106";7.2605956;51.6124858
"1107";7.1450703;51.6123318
"1108";7.1450619;51.6122277
"1109";7.0029478;52.2137423
"1110";7.4570485;52.2968445
"1111";7.0071357;52.0847969
"1112";7.6451334;51.9681873
"1113";7.6452786;51.9682391
"1114";7.6435931;51.9692395
"1115";7.6437233;51.9693175
"1116";7.1752107;51.6162447
"1117";7.179659;51.615722
"1118";7.1932932;51.613725
"1119";6.8232193;52.0199427
"1120";6.8481507;51.8587366
"1121";7.161974;51.6180309
"1122";6.9413199;51.5295119
"1123";6.9269751;51.5271858
"1124";7.1889248;51.6385833
"1125";7.6682443;51.9966672
"1126";7.6485611;51.992826
"1127";6.9149501;51.9909014
"1128";6.9146683;52.0025057
"1129";7.6483301;51.9895407
"1130";7.6480212;51.9895565
"1131";6.9302231;51.9919178
"1132";7.1845492;51.6095117
"1133";6.9908009;51.5673097
"1134";6.9880337;51.5653255
"1135";7.0120191;51.9522632
"1136";7.60151;51.9649573
"1137";7.1913971;51.6088892
"1138";7.3331088;52.1489739
"1139";6.8446602;51.8506419
"1140";7.6262906;52.2606678
"1141";7.0029316;51.957487
"1142";7.3485673;51.669045
"1143";7.1731871;51.6084407
"1144";7.0403406;51.7921511
"1145";7.0325328;51.7830483
"1146";7.0329784;51.7829473
"1147";6.8649317;51.7467968
"1148";7.173924;51.9428766
"1149";7.173286;51.9423162
"1150";7.2052197;51.5973603
"1151";7.3586178;51.6559716
"1152";6.9229248;51.5327165
"1153";7.7133081;52.2727325
"1154";7.3180183;51.5388476
"1155";7.316075;51.6051524
"1156";7.3142829;51.6024112
"1157";7.3147872;51.5615912
"1158";7.2579609;51.8439573
"1159";7.6269682;52.2616595
"1160";7.6281081;52.2592382
"1161";8.1457878;51.8235212
"1162";6.7007576;51.8517003
"1163";7.1225903;51.7183859
"1164";6.9831952;51.5435911
"1165";7.6333667;52.1742974
"1166";6.9152336;51.9974175
"1167";7.234241;51.6471732
"1168";7.2200519;51.6320269
"1169";7.6368898;51.9509189
"1170";7.6359483;52.176669
"1171";7.6353707;52.1721528
"1172";7.0466364;51.8288858
"1173";7.1842227;51.5784032
"1174";7.6166219;51.9666356
"1175";7.333255;51.6398125
"1176";7.3237029;51.6281711
"1177";7.6345239;51.958301
"1178";7.6339952;51.956849
"1179";7.6653112;51.9312089
"1180";7.5768143;51.9250525
"1181";7.4764474;51.8553219
"1182";7.3514911;51.6581433
"1183";7.2928631;51.9263548
"1184";6.9953444;51.5707117
"1185";6.8394861;51.7704693
"1186";7.0087571;51.5789938
"1187";7.6023617;51.9352792
"1188";6.8343222;51.7679258
"1189";6.8402341;51.7722173
"1190";6.9315655;51.5115354
"1191";6.919193;51.5135044
"1192";6.9149399;51.5154133
"1193";6.9126659;51.5165466
"1194";6.9104442;51.5177413
"1195";6.9026837;51.5200767
"1196";6.9055769;51.5198596
"1197";7.3104329;51.5495274
"1198";7.5267402;51.9226714
"1199";7.5987191;51.9648002
"1200";7.598694;51.9649231
"1201";7.5990337;51.9646793
"1202";7.8418978;52.1935686
"1203";7.3160314;51.5442235
"1204";6.9671858;51.5772704
"1205";7.88025;51.7587803
"1206";7.1822399;51.5940681
"1207";7.8980295;51.7628876
"1208";7.899377;51.7628304
"1209";7.8965802;51.7738241
"1210";7.0973284;51.5144869
"1211";7.1766754;51.6096406
"1212";7.1770299;51.609542
"1213";7.6327323;51.9557488
"1214";7.6312321;51.9540115
"1215";7.2536995;51.5949304
"1216";7.1948219;51.6089781
"1217";6.9714006;51.5767127
"1218";6.9908835;51.5676963
"1219";6.9910807;51.5676662
"1220";7.3148653;51.9304334
"1221";7.6951987;52.3508418
"1222";7.0879946;51.6760885
"1223";7.0884572;51.6762311
"1224";7.0886817;51.6766078
"1225";7.0873581;51.6756917
"1226";7.0884037;51.6762732
"1227";7.0887302;51.6765678
"1228";7.0887893;51.6765229
"1229";7.8254925;51.8439508
"1230";7.6738853;51.9063701
"1231";7.6740686;51.90627
"1232";7.7913523;51.7294889
"1233";7.1045208;51.597923
"1234";7.2170757;52.1440927
"1235";7.7189365;52.2903634
"1236";7.1961227;51.5708158
"1237";7.6038426;51.9364277
"1238";7.2979405;51.9297861
"1239";7.2952362;51.9297621
"1240";7.1712691;51.5730185
"1241";7.7151516;52.3617519
"1242";7.311243;51.6268273
"1243";7.2409032;51.5894136
"1244";7.6669133;51.905951
"1245";7.0124882;51.7153747
"1246";7.3210418;51.621844
"1247";7.8623839;52.186192
"1248";7.7156866;52.3698753
"1249";7.1033509;51.6476098
"1250";8.0429228;51.9927764
"1251";6.8543598;51.8597383
"1252";7.0375128;52.2189382
"1253";7.6164704;51.9496702
"1254";7.616632;51.9498676
"1255";7.7190206;52.3627515
"1256";7.3078895;51.5669304
"1257";7.3059982;51.5892406
"1258";7.3164649;51.5930049
"1259";7.3261219;51.5910591
"1260";7.3359477;51.5905101
"1261";8.0516755;51.981625
"1262";6.9378928;51.6774614
"1263";6.9401299;51.6761156
"1264";7.5249872;51.9251044
"1265";7.6355117;51.9391461
"1266";7.2260457;51.7210947
"1267";7.7954386;51.9873445
"1268";7.0501335;51.6254467
"1269";7.2502226;51.6072626
"1270";7.8217772;51.8434726
"1271";7.3187339;51.5362005
"1272";7.7809596;51.9875548
"1273";7.6599521;51.9345747
"1274";7.0082051;52.076856
"1275";7.2712777;51.8998514
"1276";7.2732143;51.8347688
"1277";7.6314192;51.9213983
"1278";7.9729205;52.1460995
"1279";7.0114155;51.954258
"1280";7.0047316;51.9572454
"1281";7.1848287;51.5992055
"1282";7.1853787;51.5991789
"1283";7.4494075;52.2824717
"1284";7.1198348;51.6128542
"1285";7.4740886;52.2875174
"1286";6.934646;51.515271
"1287";7.6353783;51.9619469
"1288";7.4361291;52.2763427
"1289";7.4362562;52.2764065
"1290";7.4460439;52.2806316
"1291";7.8670879;52.182947
"1292";7.7302961;51.7981109
"1293";6.9845726;51.5362862
"1294";6.9847503;51.5364207
"1295";7.4588591;52.2845947
"1296";7.2628753;52.1714182
"1297";7.2629409;52.1714681
"1298";7.1401423;51.5981804
"1299";7.4371412;52.2759379
"1300";7.6255731;51.9035083
"1301";7.6017098;51.9649965
"1302";6.9150203;51.9923581
"1303";7.4920797;51.9022063
"1304";7.4916524;51.9053271
"1305";7.4922;51.9002165
"1306";7.7215511;51.8038031
"1307";7.6513165;51.9051222
"1308";7.4371773;52.2760465
"1309";6.6963344;51.8216641
"1310";7.742682;51.79508
"1311";7.5200012;52.2391994
"1312";7.3110369;51.5814601
"1313";8.0415368;51.9886832
"1314";7.3119914;51.5546836
"1315";7.291587;51.5594689
"1316";7.2464346;51.6283575
"1317";7.2916539;51.5594111
"1318";7.3544477;51.5550581
"1319";7.2928914;51.5578935
"1320";7.7176728;52.2795029
"1321";7.3383211;52.2182477
"1322";6.8664813;51.860483
"1323";7.0802844;51.6466428
"1324";6.9102282;51.5742479
"1325";7.6468654;51.9436832
"1326";7.0463313;51.5227943
"1327";7.2608849;52.169914
"1328";7.6305262;52.174958
"1329";7.5120351;52.1627842
"1330";6.9575104;51.6308246
"1331";6.9644427;51.5654253
"1332";7.3009845;51.6336381
"1333";7.7465688;51.8023657
"1334";8.0356451;51.7605965
"1335";7.5274217;52.158242
"1336";7.5394566;52.1703821
"1337";7.7341274;51.7939203
"1338";7.7338288;51.7940114
"1339";7.7339946;51.7941456
"1340";7.7343094;51.7940943
"1341";8.1264806;51.9280673
"1342";7.7386551;51.7946188
"1343";7.7390362;51.7945013
"1344";7.7391897;51.7946287
"1345";7.7388197;51.7947409
"1346";7.7216122;51.8036549
"1347";7.8939704;51.7610256
"1348";7.3199541;51.5878155
"1349";7.3488755;51.9305666
"1350";7.3501201;51.9298885
"1351";7.3558251;51.9285819
"1352";7.4058506;51.9067191
"1353";6.9275261;51.9937833
"1354";7.3519721;51.9309979
"1355";7.5985779;51.9647176
"1356";6.9749359;52.0665909
"1357";6.9210113;51.9949932
"1358";7.4080268;51.9725368
"1359";7.104319;51.5064825
"1360";7.5886118;51.9840667
"1361";7.588585;51.9842469
"1362";7.5723296;51.9736239
"1363";7.0717861;51.4913288
"1364";6.9924368;51.9564399
"1365";7.2423537;51.5958733
"1366";7.191636;51.5704251
"1367";7.1919455;51.5704305
"1368";7.1945399;51.5706032
"1369";7.194551;51.5707017
"1370";7.1949275;51.57056
"1371";7.1934018;51.5695442
"1372";7.1465512;51.6618444
"1373";7.2454715;51.5971323
"1374";7.2537229;51.5951566
"1375";7.2421105;51.5958594
"1376";7.2522359;51.5961462
"1377";7.2422234;51.5960557
"1378";7.2455442;51.5970503
"1379";7.4470294;52.2983022
"1380";7.447269;52.2982045
"1381";7.4474934;52.2985112
"1382";7.4477135;52.2984049
"1383";7.4470512;52.2984356
"1384";7.4354544;52.2771859
"1385";7.5989532;51.9650375
"1386";7.6019942;51.9653833
"1387";7.0096546;51.5183415
"1388";6.9274585;51.5230025
"1389";7.5726535;51.9575963
"1390";7.5723315;51.9576381
"1391";7.5724079;51.957513
"1392";6.9274628;51.523073
"1393";6.9267934;51.5230097
"1394";6.9257588;51.522817
"1395";6.9280811;51.5231598
"1396";6.927974;51.5229889
"1397";6.9266983;51.5228584
"1398";7.6026231;51.9597025
"1399";7.6021802;51.9592592
"1400";6.9843793;51.5567385
"1401";7.2534032;51.5949702
"1402";7.6171929;51.9665371
"1403";6.9842145;51.5565677
"1404";6.9842831;51.55681
"1405";7.2425448;51.5960266
"1406";7.1187092;51.6922025
"1407";7.8747894;51.7320847
"1408";7.3168005;51.5458808
"1409";7.4434569;51.9398378
"1410";6.9704298;51.5117627
"1411";7.6854108;51.8056456
"1412";7.6856343;51.8056305
"1413";6.8635361;51.9444132
"1414";7.7133353;51.9207455
"1415";7.7573581;51.7939377
"1416";7.6018096;51.9652704
"1417";7.6018107;51.9651343
"1418";7.8836981;52.1735343
"1419";7.4308265;52.3229238
"1420";7.1816014;51.5940247
"1421";7.1853197;51.5729347
"1422";7.1856043;51.5726083
"1423";7.1360121;51.5746296
"1424";7.1819262;51.5938871
"1425";7.1858001;51.5727916
"1426";7.1313622;51.5708271
"1427";7.1357527;51.5744664
"1428";7.1818434;51.5941969
"1429";7.185098;51.5727574
"1430";7.1316063;51.5710405
"1431";7.6102725;51.9491816
"1432";7.6099803;51.9491349
"1433";7.0906459;51.7246838
"1434";6.6242134;51.8586015
"1435";7.0122538;51.5798752
"1436";7.0353499;51.5823914
"1437";7.3008283;51.633738
"1438";7.947247;52.3036877
"1439";7.1821445;51.6596694
"1440";6.8713219;51.5677535
"1441";6.871446;51.5680607
"1442";7.0262228;51.5342859
"1443";7.0655051;51.5042135
"1444";7.229977;51.7202178
"1445";7.2262628;51.7209393
"1446";7.2266536;51.7209866
"1447";7.2263939;51.7209092
"1448";7.2920096;51.6361956
"1449";7.2919604;51.6362133
"1450";7.2920411;51.6362519
"1451";7.292088;51.6362252
"1452";7.6597579;51.9675885
"1453";7.2743873;51.6337198
"1454";7.2739627;51.633627
"1455";7.2742033;51.6335919
"1456";7.2741307;51.6337469
"1457";7.1368084;51.5951022
"1458";7.6428059;51.9564931
"1459";7.2739899;51.6335317
"1460";7.2037546;51.609565
"1461";7.2039002;51.6091544
"1462";7.8909245;51.748176
"1463";7.0157142;51.5449743
"1464";7.0885082;51.6761865
"1465";7.0873128;51.6757276
"1466";6.9161735;51.5477564
"1467";6.9167343;51.5500354
"1468";7.9693899;52.1502167
"1469";6.9416898;51.9870147
"1470";6.9167299;51.5449375
"1471";6.9207951;51.5409505
"1472";6.9207268;51.5407091
"1473";7.0864845;51.5395195
"1474";7.086578;51.5397636
"1475";6.9766346;51.5675263
"1476";7.0826393;51.6164161
"1477";7.074226;51.6121
"1478";6.9533699;51.6844991
"1479";7.104653;51.5246295
"1480";7.1048863;51.5248797
"1481";7.1075331;51.5283482
"1482";7.107733;51.5284179
"1483";7.1076667;51.5285417
"1484";7.1078487;51.5287887
"1485";7.1079517;51.5289416
"1486";7.080357;51.5312429
"1487";7.3106444;51.5537086
"1488";7.3107823;51.5536805
"1489";7.3108803;51.5547205
"1490";7.3064782;51.545683
"1491";7.3061143;51.5457337
"1492";7.3066339;51.5459981
"1493";7.3066041;51.5460239
"1494";7.3071407;51.5468401
"1495";7.3076431;51.5469407
"1496";7.3072459;51.5470327
"1497";7.3074285;51.5467268
"1498";7.1228193;51.4933854
"1499";7.1223584;51.4935728
"1500";7.1226754;51.4937417
"1501";7.0940811;51.5141782
"1502";6.9348856;51.5113042
"1503";7.2082152;51.5632858
"1504";6.6235173;51.8385088
"1505";6.9342018;51.5154812
"1506";6.6125584;51.8348495
"1507";6.6125692;51.8349729
"1508";7.6150184;51.9619362
"1509";7.0122652;52.0837223
"1510";7.1862913;51.569852
"1511";7.1857839;51.5699984
"1512";7.1865476;51.570157
"1513";7.1865255;51.5702426
"1514";7.1918725;51.5704595
"1515";6.7119994;51.8328122
"1516";6.7116566;51.832774
"1517";6.7117284;51.8326407
"1518";6.983765;51.5223728
"1519";6.9840206;51.5224629
"1520";6.9835565;51.5225057
"1521";6.9838309;51.522592
"1522";7.6491315;52.3456253
"1523";7.2927964;51.9263368
"1524";7.2929449;51.9263701
"1525";7.5565118;52.0000631
"1526";7.2655661;51.5787138
"1527";6.8312868;52.030695
"1528";7.2699993;51.8310702
"1529";7.6362236;51.9527755
"1530";7.6348235;51.9599839
"1531";7.6172929;51.9663994
"1532";7.3153843;51.6106423
"1533";7.3152254;51.6124473
"1534";7.2534232;51.5951989
"1535";7.2522642;51.5960273
"1536";7.2518949;51.5962161
"1537";6.8628384;51.8613786
"1538";7.0207357;51.6738362
"1539";7.6473812;51.9590521
"1540";7.6482159;51.9287337
"1541";7.6235438;51.9664251
"1542";6.9469471;51.5052279
"1543";6.9470301;51.5054382
"1544";7.1117968;52.1166821
"1545";7.1057289;52.1212118
"1546";6.917242;51.5448265
"1547";6.9212918;51.5409372
"1548";7.3531964;51.9225098
"1549";7.3537042;51.9236937
"1550";7.3543944;51.9252213
"1551";6.9666455;51.6590513
"1552";6.964199;51.6589454
"1553";6.9602247;51.6593843
"1554";7.097586;51.5349395
"1555";7.0976646;51.535501
"1556";7.1281931;51.5375808
"1557";7.1245418;51.5381221
"1558";7.046984;51.5143629
"1559";7.0405417;51.5147828
"1560";7.068906;51.5209493
"1561";7.0736088;51.5241611
"1562";7.0710843;51.523145
"1563";6.9646415;51.6631435
"1564";6.9711076;51.6601591
"1565";6.9693842;51.6602155
"1566";6.9680196;51.6582956
"1567";6.9695488;51.6602099
"1568";6.9678829;51.6583884
"1569";6.965566;51.6632668
"1570";6.9454758;51.6568618
"1571";6.9558011;51.6820583
"1572";7.1086503;51.5165759
"1573";7.1096932;51.5391538
"1574";7.1095821;51.5393273
"1575";7.079568;51.5043873
"1576";7.0992886;51.4831532
"1577";7.10193;51.4986051
"1578";7.1061771;51.5011393
"1579";7.1064425;51.5015222
"1580";7.1079894;51.5022103
"1581";7.1078558;51.5024987
"1582";7.1079599;51.5025474
"1583";7.1063948;51.5041198
"1584";7.1065891;51.5042274
"1585";7.1093357;51.539244
"1586";7.1078334;51.5413622
"1587";7.1080389;51.5415462
"1588";7.1067151;51.5434502
"1589";7.1046911;51.55007
"1590";7.0993715;51.5050122
"1591";7.0995511;51.5050263
"1592";7.0913883;51.5087907
"1593";7.0670336;51.5144777
"1594";7.0958581;51.5046124
"1595";7.0958513;51.5047008
"1596";7.0978516;51.5047404
"1597";7.092426;51.5047518
"1598";7.0978265;51.5048456
"1599";7.0995073;51.5048983
"1600";7.100778;51.5050259
"1601";7.1007306;51.505162
"1602";7.1165319;51.517651
"1603";7.0460082;51.5229126
"1604";7.0463936;51.5230761
"1605";7.0462674;51.5230868
"1606";7.036613;51.5286637
"1607";7.0336055;51.5886712
"1608";7.0340052;51.5887198
"1609";7.0914067;51.50857
"1610";7.0644375;51.5219425
"1611";7.0646777;51.5220409
"1612";7.0643654;51.5220417
"1613";7.0646101;51.5221339
"1614";7.1084299;51.502279
"1615";7.1165849;51.5035114
"1616";7.1157085;51.5046119
"1617";7.1152244;51.5052188
"1618";7.1038104;51.5074059
"1619";7.1035981;51.5073473
"1620";7.1030963;51.507952
"1621";7.010448;51.5372189
"1622";7.0099275;51.5372704
"1623";7.0100961;51.5374508
"1624";7.0148332;51.5369107
"1625";7.0720559;51.5365083
"1626";7.0716447;51.5366455
"1627";7.0672837;51.5418917
"1628";7.0508725;51.5985787
"1629";7.0954089;51.5331985
"1630";7.0953874;51.5333312
"1631";7.0929677;51.5370157
"1632";7.0862526;51.5398346
"1633";7.0456631;51.5205119
"1634";7.0458305;51.5207088
"1635";7.0457349;51.5208208
"1636";7.0456201;51.5208291
"1637";7.0782427;51.5520655
"1638";7.0784205;51.5520978
"1639";7.0781927;51.5521606
"1640";7.0783709;51.5521925
"1641";7.0945625;51.5077356
"1642";7.0937509;51.5080664
"1643";7.1045265;51.551566
"1644";7.0923094;51.5587954
"1645";7.0914423;51.5593901
"1646";7.6365062;51.9525652
"1647";7.1149491;51.5878751
"1648";7.031936;51.5552866
"1649";6.9879147;51.5653766
"1650";7.1089162;51.5632772
"1651";7.0799707;51.5692942
"1652";6.9164119;51.5479364
"1653";6.9748591;51.5720756
"1654";7.0107611;51.5288094
"1655";7.0443833;51.5832337
"1656";7.0658092;51.5832926
"1657";7.0440973;51.5833646
"1658";7.0443244;51.5834175
"1659";6.9728615;51.5768074
"1660";6.9751449;51.5782438
"1661";7.0798928;51.5316948
"1662";7.0801099;51.5317949
"1663";7.0785439;51.5326723
"1664";7.0784034;51.5327476
"1665";7.0787273;51.5328183
"1666";7.0785861;51.5329022
"1667";7.0906167;51.5109362
"1668";7.093344;51.5116019
"1669";7.0988141;51.5997661
"1670";7.0472012;51.5809768
"1671";7.0470087;51.5810395
"1672";7.0405632;51.5860949
"1673";7.0406479;51.5861918
"1674";7.0369772;51.5873528
"1675";7.0342168;51.5875406
"1676";7.0260366;51.588532
"1677";7.0251352;51.58887
"1678";7.0245574;51.6118898
"1679";7.2264912;51.7211216
"1680";7.1083895;51.5025262
"1681";7.1181179;51.5016061
"1682";6.9366613;51.5029099
"1683";7.1050527;51.5496182
"1684";7.1052202;51.5498996
"1685";7.6353094;51.959464
"1686";7.1224452;51.4965455
"1687";7.1224499;51.4966084
"1688";7.1092196;51.5390348
"1689";6.9318663;51.6274449
"1690";6.9918526;51.5703174
"1691";8.0782102;51.7615615
"1692";6.9353324;51.5050827
"1693";6.9354705;51.5053059
"1694";6.934485;51.515155
"1695";7.1445365;51.5766254
"1696";7.1584859;51.5805233
"1697";7.1477149;51.5839012
"1698";7.1414749;51.5919023
"1699";6.8967279;51.5750528
"1700";6.9074915;51.5560649
"1701";6.9115609;51.5601494
"1702";6.9118941;51.5601635
"1703";6.9118034;51.560389
"1704";6.9163007;51.5509596
"1705";6.9157838;51.5510726
"1706";6.9159645;51.5513025
"1707";6.9155433;51.5537027
"1708";6.9157231;51.5538971
"1709";6.9150303;51.5539083
"1710";6.9152426;51.5540804
"1711";6.9710836;51.5764723
"1712";6.9725553;51.5764867
"1713";6.9716843;51.5765436
"1714";6.9744324;51.5780259
"1715";6.9796068;51.5753744
"1716";6.9800878;51.5755072
"1717";6.9799508;51.5757225
"1718";6.9794851;51.5757512
"1719";6.9800331;51.5758433
"1720";6.9732949;51.5766358
"1721";6.9824719;51.5771073
"1722";6.9549512;51.5802943
"1723";7.2602866;51.6126814
"1724";7.2920241;51.6362196
"1725";7.2824181;51.6362304
"1726";7.2809104;51.6415675
"1727";7.3028366;51.6465652
"1728";6.9674669;51.6694535
"1729";7.4748988;52.2863309
"1730";7.0982117;51.6508747
"1731";7.094167;51.6527607
"1732";7.1004462;51.6500514
"1733";7.0962838;51.6516015
"1734";7.0883462;51.6537934
"1735";7.0855931;51.6565526
"1736";6.7117653;51.8325067
"1737";7.0599153;51.6527008
"1738";7.0598654;51.6528439
"1739";7.1613902;51.6660423
"1740";7.1722696;51.667672
"1741";7.1719946;51.6677706
"1742";7.1724666;51.6678893
"1743";7.1721942;51.6679412
"1744";7.1543864;51.6661136
"1745";7.1548625;51.6661306
"1746";7.3319977;51.6348273
"1747";6.9161998;51.5501944
"1748";7.6023723;51.959617
"1749";7.6650014;51.9306624
"1750";7.665127;51.9307369
"1751";7.6647497;51.9307641
"1752";7.6650517;51.9309732
"1753";7.664684;51.9309405
"1754";7.6647937;51.9310189
"1755";7.6545272;51.9314996
"1756";7.654423;51.9315695
"1757";7.6548994;51.9317108
"1758";7.6547913;51.931784
"1759";7.659557;51.9342032
"1760";7.6594671;51.9343093
"1761";7.6597033;51.9343223
"1762";7.6598624;51.9344106
"1763";7.659343;51.9343921
"1764";7.6591571;51.9344558
"1765";7.6593918;51.9345433
"1766";7.6595407;51.934625
"1767";7.7283243;51.921317
"1768";7.6723914;51.9237059
"1769";7.6706796;51.9256509
"1770";7.6696877;51.9265306
"1771";7.6692906;51.926698
"1772";7.6678086;51.9283075
"1773";7.667866;51.9283295
"1774";7.6677387;51.9285175
"1775";7.6681408;51.9279849
"1776";6.9318387;51.7021343
"1777";7.1581487;51.5805959
"1778";7.0149322;51.7207247
"1779";7.0348337;51.5303549
"1780";7.0340518;51.5303732
"1781";7.0348178;51.5306327
"1782";7.0339634;51.5307581
"1783";7.2003956;51.5761799
"1784";7.6191883;51.9526334
"1785";7.6190645;51.9526663
"1786";7.2298438;51.5847079
"1787";7.2297945;51.5849189
"1788";7.6234283;51.9429675
"1789";7.6235565;51.9429789
"1790";7.1881001;51.6450958
"1791";7.4529482;52.2603666
"1792";7.6315905;51.9193582
"1793";7.6317692;51.9193701
"1794";7.6310727;51.9215309
"1795";7.6312445;51.9215659
"1796";7.6515818;51.9400062
"1797";7.6517313;51.9400818
"1798";7.2768091;51.8271951
"1799";7.535919;51.9545061
"1800";7.1694957;51.6083538
"1801";7.3306104;51.6507428
"1802";7.3304038;51.650933
"1803";7.3301381;51.6508726
"1804";7.3305204;51.6508853
"1805";7.24941;51.6425192
"1806";7.2491597;51.6424959
"1807";6.8109304;51.9344862
"1808";6.8008129;51.9364153
"1809";7.3484988;51.6525549
"1810";7.3521403;51.6561222
"1811";7.3437611;51.6503495
"1812";7.3392013;51.6485566
"1813";7.3433258;51.650019
"1814";7.3519142;51.6559058
"1815";7.1338366;51.5178136
"1816";6.9363368;51.5449861
"1817";7.1082933;52.1191252
"1818";7.1084031;52.1191812
"1819";7.0771196;51.4836779
"1820";7.0824002;51.4838246
"1821";7.0822851;51.4839003
"1822";7.0825121;51.4840639
"1823";6.9669526;51.6693087
"1824";7.2622848;51.6311738
"1825";7.2826963;51.6364863
"1826";7.2823427;51.6363113
"1827";7.282674;51.6363167
"1828";7.2823827;51.6364915
"1829";7.2825757;51.6365866
"1830";7.2626314;51.6311609
"1831";7.3480525;51.6524945
"1832";7.3437113;51.6500889
"1833";7.3434618;51.6503552
"1834";7.3485697;51.6523298
"1835";7.3392011;51.6488071
"1836";7.338704;51.6486725
"1837";7.338829;51.6488942
"1838";7.3390082;51.6486177
"1839";7.0861525;51.5395956
"1840";7.1340806;51.5177731
"1841";7.1338025;51.5181052
"1842";7.1307641;51.5203752
"1843";7.1307663;51.5206818
"1844";7.0365977;51.5871797
"1845";7.0363561;51.5873405
"1846";7.0335976;51.587399
"1847";7.0367446;51.5874936
"1848";7.2009562;51.6031712
"1849";7.1735565;51.6084667
"1850";7.1730217;51.6086417
"1851";7.1776354;51.609321
"1852";7.207977;51.5930441
"1853";7.2124766;51.5839364
"1854";7.6341227;51.9568205
"1855";6.4422318;51.8180478
"1856";7.2120579;51.5838566
"1857";7.0133462;52.0741826
"1858";7.210363;51.6096896
"1859";6.9165924;51.547582
"1860";7.1886262;51.6413746
"1861";7.1847322;51.6532541
"1862";7.210385;51.5886588
"1863";7.2128422;51.5823063
"1864";7.2123936;51.5837335
"1865";7.2121441;51.58403
"1866";7.2121857;51.5840365
"1867";7.2111536;51.5867399
"1868";7.2112623;51.586903
"1869";7.2108639;51.5869287
"1870";7.2108917;51.5869809
"1871";7.2104016;51.5880688
"1872";7.2104772;51.5880767
"1873";7.2107993;51.5880613
"1874";7.209985;51.5887614
"1875";7.2104572;51.5888451
"1876";7.2100283;51.5889515
"1877";7.2100906;51.588959
"1878";7.20947;51.590589
"1879";7.2091586;51.590681
"1880";7.2091713;51.5908429
"1881";7.2092175;51.5908511
"1882";7.208242;51.5931497
"1883";7.207533;51.5931633
"1884";7.2080644;51.5932768
"1885";7.2351502;51.5868753
"1886";7.5722076;51.8856225
"1887";7.9950912;52.3220915
"1888";7.3150462;51.5607158
"1889";7.3148585;51.56088
"1890";7.3149281;51.5609276
"1891";7.3145785;51.5610375
"1892";7.3151721;51.561509
"1893";7.3148576;51.5616654
"1894";7.3151162;51.5619138
"1895";6.9656832;51.6498237
"1896";6.9661585;51.6559376
"1897";6.9664524;51.6562119
"1898";6.9657637;51.6560577
"1899";6.9658732;51.656319
"1900";6.9660651;51.6563261
"1901";7.2164486;51.5697624
"1902";7.2079375;51.5631928
"1903";7.2077684;51.5634562
"1904";7.2080633;51.5636269
"1905";6.9157729;51.5511113
"1906";7.218272;51.5765053
"1907";7.4592671;52.2768584
"1908";6.9854319;51.5349173
"1909";6.9849851;51.5349623
"1910";6.9851162;51.5351182
"1911";6.98512;51.5362599
"1912";6.9593004;51.6512155
"1913";7.2488254;51.6427378
"1914";7.2491524;51.6427639
"1915";7.2349196;51.6468898
"1916";7.6360687;51.9517862
"1917";7.6363511;51.9524223
"1918";7.811621;52.2408666
"1919";8.1026212;51.9339809
"1920";6.911632;51.5677753
"1921";7.0593703;51.6527629
"1922";7.5627829;51.9977369
"1923";7.6094371;51.9714041
"1924";7.6564781;51.967023
"1925";7.6558295;51.9679706
"1926";7.6556618;51.9680168
"1927";7.7303528;52.2756298
"1928";7.6564986;51.9669366
"1929";7.656536;51.9671649
"1930";7.6582029;51.9672094
"1931";7.6597985;51.9674888
"1932";7.4682203;52.2860007
"1933";6.9749357;51.5779298
"1934";6.987284;51.5793332
"1935";6.9873761;51.5795196
"1936";7.4378035;51.7753158
"1937";7.1118103;51.4813075
"1938";6.997295;51.5707956
"1939";6.995334;51.5708326
"1940";6.9970298;51.5708703
"1941";6.9951056;51.570885
"1942";6.9972458;51.5710974
"1943";6.9348014;51.5111691
"1944";6.9344172;51.511183
"1945";6.9344243;51.5112853
"1946";6.9345575;51.511445
"1947";6.9343577;51.5114863
"1948";6.9907406;51.5197967
"1949";6.990918;51.5199586
"1950";6.9903;51.520043
"1951";6.9903637;51.5202159
"1952";6.9212744;51.5406759
"1953";6.9476043;51.5579951
"1954";6.9475206;51.5581249
"1955";7.1580435;51.5802937
"1956";7.1583478;51.5803291
"1957";7.1579798;51.5803868
"1958";7.1584805;51.5806169
"1959";7.147802;51.5839538
"1960";7.8655231;52.1835331
"1961";7.9466148;52.3035965
"1962";7.1820437;51.7509602
"1963";7.1489506;51.7341638
"1964";7.1509586;51.7345906
"1965";7.1621069;51.7365761
"1966";7.0973497;51.5143158
"1967";7.0972826;51.5145497
"1968";7.2182119;51.6017317
"1969";6.7113407;51.8524275
"1970";7.0137046;51.6724318
"1971";7.4306088;52.3217332
"1972";7.0995076;51.5057107
"1973";7.0991222;51.5058762
"1974";7.0993171;51.5060067
"1975";7.1043662;51.506148
"1976";7.1047917;51.5062727
"1977";7.1047735;51.5066009
"1978";7.0984599;51.5067967
"1979";7.0985069;51.5068693
"1980";7.0967887;51.5072272
"1981";7.0968333;51.507296
"1982";7.6028127;51.9598946
"1983";7.2771129;51.8286751
"1984";7.0933045;51.5080996
"1985";7.0917674;51.5086522
"1986";7.6103471;51.9708694
"1987";7.6102609;51.9708248
"1988";7.1096004;51.4846654
"1989";7.109265;51.4851969
"1990";7.0893269;51.5128818
"1991";7.0898811;51.5129459
"1992";7.0899659;51.5128669
"1993";7.1386012;51.4962297
"1994";6.9930799;51.5764143
"1995";6.9927534;51.5764439
"1996";6.9927937;51.5766384
"1997";7.050176;51.6252665
"1998";7.0503608;51.6254903
"1999";7.0500948;51.6256001
"2000";7.05447;51.6258601
"2001";7.0542648;51.6259782
"2002";7.0546839;51.6260153
"2003";7.0545291;51.6261309
"2004";7.6733436;51.923015
"2005";7.6733966;51.9230363
"2006";7.6731495;51.923027
"2007";7.6734797;51.9230689
"2008";7.6731049;51.9232403
"2009";7.6731776;51.9232648
"2010";7.6732453;51.9232901
"2011";7.0886672;51.7247085
"2012";7.4336574;52.3133879
"2013";6.932114;51.701892
"2014";6.9317162;51.7020008
"2015";6.9322448;51.7020749
"2016";6.9115793;51.9883128
"2017";7.6802739;52.2211539
"2018";6.9912809;51.5809248
"2019";7.118404;51.5015259
"2020";7.1184199;51.5016632
"2021";7.1181661;51.501752
"2022";7.063238;51.5865238
"2023";7.0627027;51.5865991
"2024";7.0626902;51.5866566
"2025";7.0627705;51.5868939
"2026";7.1258512;51.4884895
"2027";7.125918;51.4886323
"2028";7.1256931;51.4887208
"2029";6.9911435;51.5807181
"2030";6.9908023;51.5807552
"2031";6.9908395;51.580962
"2032";6.9885766;51.5818677
"2033";7.3149449;51.6122775
"2034";7.6315835;51.9574276
"2035";7.1386713;51.4958779
"2036";7.1383344;51.4960878
"2037";7.1388349;51.4961289
"2038";6.9648045;51.5653616
"2039";6.9648775;51.5656187
"2040";6.9645757;51.5656405
"2041";7.0400289;52.1816744
"2042";7.0370947;51.6544631
"2043";7.0373344;51.654631
"2044";7.0365508;51.6546998
"2045";7.0367441;51.6548453
"2046";7.1545965;51.6661745
"2047";7.0229133;51.5275299
"2048";6.8290432;51.5595429
"2049";7.6127495;51.9692639
"2050";8.1446861;51.8210187
"2051";8.1447343;51.8211304
"2052";8.1446422;51.82115
"2053";7.7162257;52.2780924
"2054";8.2558108;51.7097946
"2055";7.6270708;51.9312683
"2056";7.0820489;51.6534968
"2057";7.3460548;52.2037654
"2058";7.3464556;52.203892
"2059";7.3461956;52.2038811
"2060";7.3464032;52.2037999
"2061";7.3461883;52.2036616
"2062";7.3461102;52.2038422
"2063";7.0883965;51.6536296
"2064";7.5413247;51.9552406
"2065";7.6730728;51.9230896
"2066";7.5804528;51.9672051
"2067";7.5796233;51.9675632
"2068";7.6494959;51.9413348
"2069";7.6340978;51.9253008
"2070";7.6346342;51.9254444
"2071";7.9398928;52.1638705
"2072";7.6342404;51.9255189
"2073";7.6477865;51.9288118
"2074";7.6477049;51.9285459
"2075";7.6481505;51.9285013
"2076";7.1422215;51.5956224
"2077";7.4763927;52.2425807
"2078";7.9777274;51.9476899
"2079";7.4307265;52.3256233
"2080";7.9190131;51.7655937
"2081";7.90419;51.7709334
"2082";7.8864785;51.7669055
"2083";7.8806895;51.7363176
"2084";7.8874224;51.7618541
"2085";7.8793741;51.7690411
"2086";7.8797348;51.7692486
"2087";7.9136941;51.7579143
"2088";7.9104921;51.7555975
"2089";7.9024014;51.7540632
"2090";6.9829322;51.5542859
"2091";7.891421;51.7717354
"2092";7.9005218;51.7414534
"2093";7.8922149;51.7604827
"2094";7.5760109;51.8877202
"2095";7.8965869;51.7566495
"2096";7.8834513;51.7708523
"2097";7.6127371;51.9691508
"2098";7.612047;51.9695153
"2099";7.892404;51.760391
"2100";7.9098247;51.7678083
"2101";7.9033277;51.7708476
"2102";7.8955651;51.7713582
"2103";7.67409;51.9301008
"2104";6.9270821;51.5188453
"2105";6.9270821;51.5189272
"2106";7.1218331;51.727341
"2107";6.9367946;51.5028303
"2108";7.6640123;51.905794
"2109";7.6818398;51.9153803
"2110";7.0941531;51.5138188
"2111";7.0356228;51.5826549
"2112";7.0429878;51.6481433
"2113";6.9319658;51.5193032
"2114";6.9315388;51.5193268
"2115";6.9320694;51.5195971
"2116";6.9315753;51.5196546
"2117";7.1449989;51.5708409
"2118";7.1451372;51.5710194
"2119";7.1448403;51.5710428
"2120";7.1442662;51.5736624
"2121";7.144441;51.5738292
"2122";7.1441788;51.573954
"2123";7.2088564;51.6107368
"2124";7.2082869;51.6109494
"2125";7.2086822;51.6109741
"2126";7.6485751;51.9550711
"2127";7.6002138;51.9346119
"2128";7.6000107;51.93474
"2129";7.6005232;51.9347771
"2130";7.6020193;51.9350502
"2131";7.6021076;51.9350682
"2132";7.6016009;51.9351442
"2133";7.6021381;51.9354822
"2134";7.6036679;51.9363614
"2135";7.6035425;51.9363771
"2136";7.6033424;51.9365192
"2137";7.6036411;51.9366494
"2138";7.1248993;51.7135153
"2139";6.9951362;51.570747
"2140";6.9906076;51.5673684
"2141";6.9880046;51.5604482
"2142";6.9877443;51.5605479
"2143";6.9883122;51.5606205
"2144";6.9836193;51.543403
"2145";6.9837931;51.5437135
"2146";7.4922973;51.8514842
"2147";7.314914;51.5656865
"2148";7.314459;51.5658307
"2149";7.3151938;51.5659756
"2150";7.3147392;51.5661581
"2151";7.0293966;51.6602188
"2152";7.0291803;51.6602527
"2153";7.0294822;51.6604142
"2154";7.0292572;51.6604611
"2155";7.8086295;51.9125014
"2156";7.0499568;51.6254117
"2157";7.6616626;51.9059801
"2158";7.0763349;51.64476
"2159";7.1023243;51.6723992
"2160";7.6738998;51.906244
"2161";7.2446331;52.0884601
"2162";7.8938577;51.7610874
"2163";7.8949655;51.761644
"2164";7.8949343;51.7617162
"2165";7.6365783;51.9733466
"2166";7.0248399;51.6119444
"2167";7.0244468;51.6120924
"2168";7.0246943;51.612173
"2169";7.0235636;51.5852265
"2170";7.0208593;51.5922593
"2171";7.0338113;51.5876941
"2172";7.0338251;51.5889101
"2173";7.0074017;51.5177929
"2174";7.8426412;51.9241084
"2175";7.8444624;51.9268429
"2176";7.7127123;51.9175296
"2177";7.712766;51.9176192
"2178";6.9822851;51.5773073
"2179";6.9827754;51.5773815
"2180";6.9732545;51.5695567
"2181";6.9733219;51.5697126
"2182";6.9729396;51.5697581
"2183";6.9883863;51.5821912
"2184";6.9846974;51.5957724
"2185";6.984973;51.5958719
"2186";6.9845319;51.595935
"2187";6.9847446;51.596044
"2188";7.0025895;51.5819746
"2189";7.0029752;51.5820427
"2190";7.0023784;51.5821747
"2191";7.002802;51.5821898
"2192";7.0012112;51.5767489
"2193";7.0015777;51.5767662
"2194";7.0017041;51.5770935
"2195";7.0013384;51.5771165
"2196";7.4416205;52.2966405
"2197";7.0125407;51.57969
"2198";6.9915783;51.570084
"2199";6.9914102;51.5701624
"2200";6.9898992;51.570239
"2201";6.9916729;51.5704471
"2202";6.9942521;51.570675
"2203";6.9894534;51.5701182
"2204";6.9896824;51.5703629
"2205";7.8870086;51.7537418
"2206";7.8817486;51.7415921
"2207";7.8984141;51.7485931
"2208";7.874486;51.7632177
"2209";7.8849729;51.7630988
"2210";7.88884;51.7609824
"2211";6.9424231;51.5531506
"2212";6.9422704;51.5533971
"2213";6.9425803;51.5534752
"2214";6.9171601;51.544587
"2215";6.9165159;51.549866
"2216";7.1089319;51.5165516
"2217";7.1090879;51.5167687
"2218";7.1087929;51.5168469
"2219";7.8784537;51.7653791
"2220";7.8761237;51.7668502
"2221";7.8794079;51.7689667
"2222";7.0902139;51.5115769
"2223";7.0898683;51.5118427
"2224";7.0898614;51.5124711
"2225";7.0996053;51.505878
